{
  "best_model_name": "Random Forest",
  "best_model_file": "best_model.joblib",
  "metrics": {
    "cv_macro_f1": 0.9678417306436722,
    "test_acc": 0.9673333333333334,
    "test_f1": 0.9709646867334956,
    "test_auc": 0.9984164112900884
  }
}